,EDICAO,UF,MUNICIPIO,INSTITUICAO,CURSO,TURNO,NOTA_CORTE
0,20191,MS,Maracaju,UNIVERSIDADE ESTADUAL DE MATO GROSSO DO SUL,ADMINISTRAÇÃO,Noturno,"591,41"
1,20191,MT,Tangará da Serra,UNIVERSIDADE DO ESTADO DE MATO GROSSO,ADMINISTRAÇÃO,Noturno,"592,86"
2,20191,MT,Rondonópolis,UNIVERSIDADE FEDERAL DE MATO GROSSO,ADMINISTRAÇÃO,Noturno,"593,34"
3,20191,PB,Bananeiras,UNIVERSIDADE FEDERAL DA PARAÍBA,ADMINISTRAÇÃO,Integral,"593,36"
4,20191,MS,Naviraí,UNIVERSIDADE FEDERAL DE MATO GROSSO DO SUL,ADMINISTRAÇÃO,Noturno,"594,56"
5,20191,RS,Tapes,UNIVERSIDADE ESTADUAL DO RIO GRANDE DO SUL,ADMINISTRAÇÃO,Matutino,"595,15"
6,20191,MT,Tangará da Serra,UNIVERSIDADE DO ESTADO DE MATO GROSSO,ADMINISTRAÇÃO,Matutino,"595,44"
7,20191,MS,Ponta Porã,UNIVERSIDADE ESTADUAL DE MATO GROSSO DO SUL,ADMINISTRAÇÃO,Noturno,"595,86"
8,20191,PB,Bananeiras,UNIVERSIDADE FEDERAL DA PARAÍBA,ADMINISTRAÇÃO,Noturno,"596,36"
9,20191,PI,Campo Maior,"INSTITUTO FEDERAL DE EDUCAÇÃO, CIÊNCIA E TECNOLOGIA DO PIAUÍ",ADMINISTRAÇÃO,Noturno,"596,63"
10,20191,AP,Laranjal do Jari,"INSTITUTO FEDERAL DE EDUCAÇÃO, CIÊNCIA E TECNOLOGIA DO AMAPÁ",ADMINISTRAÇÃO,Matutino,"597,62"
11,20191,PI,Cocal,"INSTITUTO FEDERAL DE EDUCAÇÃO, CIÊNCIA E TECNOLOGIA DO PIAUÍ",AGROECOLOGIA,Vespertino,"537,68"
12,20191,PB,Picuí,"INSTITUTO FEDERAL DE EDUCAÇÃO, CIÊNCIA E TECNOLOGIA  DA PARAÍBA",AGROECOLOGIA,Integral,"538,74"
13,20191,PB,Sumé,UNIVERSIDADE FEDERAL DE CAMPINA GRANDE,AGROECOLOGIA,Integral,"547,32"
14,20191,PB,Sousa,"INSTITUTO FEDERAL DE EDUCAÇÃO, CIÊNCIA E TECNOLOGIA  DA PARAÍBA",AGROECOLOGIA,Integral,"549,26"
15,20191,AC,Cruzeiro do Sul,"INSTITUTO FEDERAL DE EDUCAÇÃO, CIÊNCIA E TECNOLOGIA DO ACRE",AGROECOLOGIA,Vespertino,"549,38"
16,20191,RS,São Lourenço do Sul,UNIVERSIDADE FEDERAL DO RIO GRANDE,AGROECOLOGIA,Integral,"549,68"
17,20191,BA,Uruçuca,"INSTITUTO FEDERAL DE EDUCAÇÃO, CIÊNCIA E TECNOLOGIA BAIANO",AGROECOLOGIA,Integral,"553,22"
18,20191,RN,Ipanguaçu,"INSTITUTO FEDERAL DE EDUCAÇÃO, CIÊNCIA E TECNOLOGIA DO RIO GRANDE DO NORTE",AGROECOLOGIA,Matutino,"556,38"
19,20191,RR,Boa Vista,UNIVERSIDADE FEDERAL DE RORAIMA,AGROECOLOGIA,Matutino,"558,27"
20,20191,PR,Palotina,UNIVERSIDADE FEDERAL DO PARANÁ,ABI - CIÊNCIAS EXATAS,Noturno,"560,48"
21,20191,PR,Pontal do Paraná,UNIVERSIDADE FEDERAL DO PARANÁ,ABI - CIÊNCIAS EXATAS,Noturno,"586,43"
22,20191,PR,Jandaia do Sul,UNIVERSIDADE FEDERAL DO PARANÁ,ABI - CIÊNCIAS EXATAS,Noturno,"586,58"
23,20191,MS,Dourados,FUNDAÇÃO UNIVERSIDADE FEDERAL DA GRANDE DOURADOS,ABI - CIÊNCIAS SOCIAIS,Matutino,"590,94"
24,20191,MS,Dourados,FUNDAÇÃO UNIVERSIDADE FEDERAL DA GRANDE DOURADOS,ABI - GEOGRAFIA,Noturno,"564,12"
25,20191,MG,Ituiutaba,UNIVERSIDADE FEDERAL DE UBERLÂNDIA,ABI - GEOGRAFIA,Matutino,"569,60"
26,20191,MG,Ituiutaba,UNIVERSIDADE FEDERAL DE UBERLÂNDIA,ABI - GEOGRAFIA,Noturno,"571,94"
27,20191,PI,São João do Piauí,"INSTITUTO FEDERAL DE EDUCAÇÃO, CIÊNCIA E TECNOLOGIA DO PIAUÍ",ADMINISTRAÇÃO,Noturno,"570,33"
28,20191,MA,São João dos Patos,"INSTITUTO FEDERAL DE EDUCAÇÃO, CIÊNCIA E TECNOLOGIA DO MARANHÃO",ADMINISTRAÇÃO,Noturno,"575,16"
29,20191,MA,Buriticupu,"INSTITUTO FEDERAL DE EDUCAÇÃO, CIÊNCIA E TECNOLOGIA DO MARANHÃO",ADMINISTRAÇÃO,Noturno,"575,54"
30,20191,PI,Oeiras,"INSTITUTO FEDERAL DE EDUCAÇÃO, CIÊNCIA E TECNOLOGIA DO PIAUÍ",ADMINISTRAÇÃO,Noturno,"578,43"
31,20191,MT,Diamantino,UNIVERSIDADE DO ESTADO DE MATO GROSSO,ADMINISTRAÇÃO,Noturno,"583,11"
32,20191,MT,Juara,UNIVERSIDADE DO ESTADO DE MATO GROSSO,ADMINISTRAÇÃO,Noturno,"583,44"
33,20191,MT,Nova Mutum,UNIVERSIDADE DO ESTADO DE MATO GROSSO,ADMINISTRAÇÃO,Noturno,"584,00"
34,20191,PB,Mamanguape,UNIVERSIDADE FEDERAL DA PARAÍBA,ADMINISTRAÇÃO,Integral,"584,48"
35,20191,PI,Floriano,UNIVERSIDADE ESTADUAL DO PIAUÍ,ADMINISTRAÇÃO,Noturno,"585,40"
36,20191,PI,Angical do Piauí,"INSTITUTO FEDERAL DE EDUCAÇÃO, CIÊNCIA E TECNOLOGIA DO PIAUÍ",ADMINISTRAÇÃO,Noturno,"586,59"
37,20191,MA,Barra do Corda,"INSTITUTO FEDERAL DE EDUCAÇÃO, CIÊNCIA E TECNOLOGIA DO MARANHÃO",ADMINISTRAÇÃO,Noturno,"587,02"
38,20191,RS,Sant'Ana do Livramento,FUNDAÇÃO UNIVERSIDADE FEDERAL DO PAMPA - UNIPAMPA,ADMINISTRAÇÃO,Matutino,"587,08"
39,20191,RS,Sant'Ana do Livramento,FUNDAÇÃO UNIVERSIDADE FEDERAL DO PAMPA - UNIPAMPA,ADMINISTRAÇÃO,Noturno,"591,12"
40,20191,MS,Maracaju,UNIVERSIDADE ESTADUAL DE MATO GROSSO DO SUL,ADMINISTRAÇÃO,Noturno,"591,41"
41,20191,MT,Tangará da Serra,UNIVERSIDADE DO ESTADO DE MATO GROSSO,ADMINISTRAÇÃO,Noturno,"592,86"
42,20191,MT,Rondonópolis,UNIVERSIDADE FEDERAL DE MATO GROSSO,ADMINISTRAÇÃO,Noturno,"593,34"
43,20191,PB,Bananeiras,UNIVERSIDADE FEDERAL DA PARAÍBA,ADMINISTRAÇÃO,Integral,"593,36"
44,20191,MS,Naviraí,UNIVERSIDADE FEDERAL DE MATO GROSSO DO SUL,ADMINISTRAÇÃO,Noturno,"594,56"
45,20191,RS,Tapes,UNIVERSIDADE ESTADUAL DO RIO GRANDE DO SUL,ADMINISTRAÇÃO,Matutino,"595,15"
46,20191,MT,Tangará da Serra,UNIVERSIDADE DO ESTADO DE MATO GROSSO,ADMINISTRAÇÃO,Matutino,"595,44"
47,20191,MS,Ponta Porã,UNIVERSIDADE ESTADUAL DE MATO GROSSO DO SUL,ADMINISTRAÇÃO,Noturno,"595,86"
48,20191,PB,Bananeiras,UNIVERSIDADE FEDERAL DA PARAÍBA,ADMINISTRAÇÃO,Noturno,"596,36"
49,20191,PI,Campo Maior,"INSTITUTO FEDERAL DE EDUCAÇÃO, CIÊNCIA E TECNOLOGIA DO PIAUÍ",ADMINISTRAÇÃO,Noturno,"596,63"
50,20191,AP,Laranjal do Jari,"INSTITUTO FEDERAL DE EDUCAÇÃO, CIÊNCIA E TECNOLOGIA DO AMAPÁ",ADMINISTRAÇÃO,Matutino,"597,62"
51,20191,PI,Cocal,"INSTITUTO FEDERAL DE EDUCAÇÃO, CIÊNCIA E TECNOLOGIA DO PIAUÍ",AGROECOLOGIA,Vespertino,"537,68"
52,20191,PB,Picuí,"INSTITUTO FEDERAL DE EDUCAÇÃO, CIÊNCIA E TECNOLOGIA  DA PARAÍBA",AGROECOLOGIA,Integral,"538,74"
53,20191,PB,Sumé,UNIVERSIDADE FEDERAL DE CAMPINA GRANDE,AGROECOLOGIA,Integral,"547,32"
54,20191,PB,Sousa,"INSTITUTO FEDERAL DE EDUCAÇÃO, CIÊNCIA E TECNOLOGIA  DA PARAÍBA",AGROECOLOGIA,Integral,"549,26"
55,20191,AC,Cruzeiro do Sul,"INSTITUTO FEDERAL DE EDUCAÇÃO, CIÊNCIA E TECNOLOGIA DO ACRE",AGROECOLOGIA,Vespertino,"549,38"
56,20191,RS,São Lourenço do Sul,UNIVERSIDADE FEDERAL DO RIO GRANDE,AGROECOLOGIA,Integral,"549,68"
57,20191,BA,Uruçuca,"INSTITUTO FEDERAL DE EDUCAÇÃO, CIÊNCIA E TECNOLOGIA BAIANO",AGROECOLOGIA,Integral,"553,22"
58,20191,RN,Ipanguaçu,"INSTITUTO FEDERAL DE EDUCAÇÃO, CIÊNCIA E TECNOLOGIA DO RIO GRANDE DO NORTE",AGROECOLOGIA,Matutino,"556,38"
59,20191,RR,Boa Vista,UNIVERSIDADE FEDERAL DE RORAIMA,AGROECOLOGIA,Matutino,"558,27"
60,20191,PB,Bananeiras,UNIVERSIDADE FEDERAL DA PARAÍBA,AGROECOLOGIA,Integral,"559,84"
61,20191,AL,Rio Largo,UNIVERSIDADE FEDERAL DE ALAGOAS,AGROECOLOGIA,Integral,"568,54"
62,20191,SE,São Cristóvão,"INSTITUTO FEDERAL DE EDUCAÇÃO, CIÊNCIA E TECNOLOGIA DE SERGIPE",AGROECOLOGIA,Vespertino,"571,66"
63,20191,BA,Cruz das Almas,UNIVERSIDADE FEDERAL DO RECÔNCAVO DA BAHIA,AGROECOLOGIA,Integral,"572,64"
64,20191,GO,Hidrolândia,"INSTITUTO FEDERAL DE EDUCAÇÃO, CIÊNCIA E TECNOLOGIA GOIANO",AGROECOLOGIA,Integral,"594,36"
65,20191,RS,Santa Cruz do Sul,UNIVERSIDADE ESTADUAL DO RIO GRANDE DO SUL,AGROECOLOGIA,Integral,"599,10"
66,20191,RS,Pelotas,"INSTITUTO FEDERAL DE EDUCAÇÃO, CIÊNCIA E TECNOLOGIA SUL-RIO-GRANDENSE",AGROINDÚSTRIA,Noturno,"545,92"
67,20191,PB,Bananeiras,UNIVERSIDADE FEDERAL DA PARAÍBA,AGROINDÚSTRIA,Integral,"556,96"
68,20191,RS,Alegrete,"INSTITUTO FEDERAL DE EDUCAÇÃO, CIÊNCIA E TECNOLOGIA FARROUPILHA",AGROINDÚSTRIA,Noturno,"558,56"
69,20191,BA,Porto Seguro,"INSTITUTO FEDERAL DE EDUCAÇÃO, CIÊNCIA E TECNOLOGIA DA BAHIA",AGROINDÚSTRIA,Integral,"570,96"
70,20191,BA,Guanambi,"INSTITUTO FEDERAL DE EDUCAÇÃO, CIÊNCIA E TECNOLOGIA BAIANO",AGROINDÚSTRIA,Integral,"575,32"
71,20191,RS,Dom Pedrito,FUNDAÇÃO UNIVERSIDADE FEDERAL DO PAMPA - UNIPAMPA,AGRONEGÓCIO,Noturno,"553,70"
72,20191,RS,Santa Maria,UNIVERSIDADE FEDERAL DE SANTA MARIA,AGRONEGÓCIO,Matutino,"578,13"
73,20191,MG,Paracatu,UNIVERSIDADE ESTADUAL DE MONTES CLAROS,AGRONEGÓCIO,Noturno,"583,61"
74,20191,PI,Uruçuí,"INSTITUTO FEDERAL DE EDUCAÇÃO, CIÊNCIA E TECNOLOGIA DO PIAUÍ",AGRONOMIA,Integral,"565,26"
75,20191,MT,Alta Floresta,UNIVERSIDADE DO ESTADO DE MATO GROSSO,AGRONOMIA,Integral,"568,77"
76,20191,SC,Santa Rosa do Sul,"INSTITUTO FEDERAL DE EDUCAÇÃO, CIÊNCIA E TECNOLOGIA CATARINENSE",AGRONOMIA,Integral,"573,80"
77,20191,RN,Mossoró,UNIVERSIDADE FEDERAL RURAL DO SEMI-ÁRIDO,AGRONOMIA,Integral,"578,89"
78,20191,RS,Sananduva,UNIVERSIDADE ESTADUAL DO RIO GRANDE DO SUL,AGRONOMIA,Integral,"579,82"
79,20191,PB,Pombal,UNIVERSIDADE FEDERAL DE CAMPINA GRANDE,AGRONOMIA,Integral,"579,82"
80,20191,PB,Bananeiras,UNIVERSIDADE FEDERAL DA PARAÍBA,AGROECOLOGIA,Integral,"559,84"
81,20191,AL,Rio Largo,UNIVERSIDADE FEDERAL DE ALAGOAS,AGROECOLOGIA,Integral,"568,54"
82,20191,SE,São Cristóvão,"INSTITUTO FEDERAL DE EDUCAÇÃO, CIÊNCIA E TECNOLOGIA DE SERGIPE",AGROECOLOGIA,Vespertino,"571,66"
83,20191,BA,Cruz das Almas,UNIVERSIDADE FEDERAL DO RECÔNCAVO DA BAHIA,AGROECOLOGIA,Integral,"572,64"
84,20191,GO,Hidrolândia,"INSTITUTO FEDERAL DE EDUCAÇÃO, CIÊNCIA E TECNOLOGIA GOIANO",AGROECOLOGIA,Integral,"594,36"
85,20191,RS,Santa Cruz do Sul,UNIVERSIDADE ESTADUAL DO RIO GRANDE DO SUL,AGROECOLOGIA,Integral,"599,10"
86,20191,RS,Pelotas,"INSTITUTO FEDERAL DE EDUCAÇÃO, CIÊNCIA E TECNOLOGIA SUL-RIO-GRANDENSE",AGROINDÚSTRIA,Noturno,"545,92"
87,20191,PB,Bananeiras,UNIVERSIDADE FEDERAL DA PARAÍBA,AGROINDÚSTRIA,Integral,"556,96"
88,20191,RS,Alegrete,"INSTITUTO FEDERAL DE EDUCAÇÃO, CIÊNCIA E TECNOLOGIA FARROUPILHA",AGROINDÚSTRIA,Noturno,"558,56"
89,20191,BA,Porto Seguro,"INSTITUTO FEDERAL DE EDUCAÇÃO, CIÊNCIA E TECNOLOGIA DA BAHIA",AGROINDÚSTRIA,Integral,"570,96"
90,20191,BA,Guanambi,"INSTITUTO FEDERAL DE EDUCAÇÃO, CIÊNCIA E TECNOLOGIA BAIANO",AGROINDÚSTRIA,Integral,"575,32"
91,20191,RS,Dom Pedrito,FUNDAÇÃO UNIVERSIDADE FEDERAL DO PAMPA - UNIPAMPA,AGRONEGÓCIO,Noturno,"553,70"
92,20191,RS,Santa Maria,UNIVERSIDADE FEDERAL DE SANTA MARIA,AGRONEGÓCIO,Matutino,"578,13"
93,20191,MG,Paracatu,UNIVERSIDADE ESTADUAL DE MONTES CLAROS,AGRONEGÓCIO,Noturno,"583,61"
94,20191,PI,Uruçuí,"INSTITUTO FEDERAL DE EDUCAÇÃO, CIÊNCIA E TECNOLOGIA DO PIAUÍ",AGRONOMIA,Integral,"565,26"
95,20191,MT,Alta Floresta,UNIVERSIDADE DO ESTADO DE MATO GROSSO,AGRONOMIA,Integral,"568,77"
96,20191,SC,Santa Rosa do Sul,"INSTITUTO FEDERAL DE EDUCAÇÃO, CIÊNCIA E TECNOLOGIA CATARINENSE",AGRONOMIA,Integral,"573,80"
97,20191,RN,Mossoró,UNIVERSIDADE FEDERAL RURAL DO SEMI-ÁRIDO,AGRONOMIA,Integral,"578,89"
98,20191,RS,Sananduva,UNIVERSIDADE ESTADUAL DO RIO GRANDE DO SUL,AGRONOMIA,Integral,"579,82"
99,20191,PB,Pombal,UNIVERSIDADE FEDERAL DE CAMPINA GRANDE,AGRONOMIA,Integral,"579,82"
100,20191,SC,Rio do Sul,"INSTITUTO FEDERAL DE EDUCAÇÃO, CIÊNCIA E TECNOLOGIA CATARINENSE",AGRONOMIA,Integral,"580,12"
101,20191,MT,Cáceres,UNIVERSIDADE DO ESTADO DE MATO GROSSO,AGRONOMIA,Integral,"581,40"
102,20191,MT,Nova Xavantina,UNIVERSIDADE DO ESTADO DE MATO GROSSO,AGRONOMIA,Integral,"582,09"
103,20191,MS,Aquidauana,UNIVERSIDADE ESTADUAL DE MATO GROSSO DO SUL,AGRONOMIA,Integral,"583,36"
104,20191,RS,Três Passos,UNIVERSIDADE ESTADUAL DO RIO GRANDE DO SUL,AGRONOMIA,Integral,"583,79"
105,20191,MS,Cassilândia,UNIVERSIDADE ESTADUAL DE MATO GROSSO DO SUL,AGRONOMIA,Integral,"584,11"
106,20191,MT,Nova Mutum,UNIVERSIDADE DO ESTADO DE MATO GROSSO,AGRONOMIA,Integral,"584,51"
107,20191,RS,Sant'Ana do Livramento,UNIVERSIDADE ESTADUAL DO RIO GRANDE DO SUL,AGRONOMIA,Integral,"585,26"
108,20191,RS,São Luiz Gonzaga,UNIVERSIDADE ESTADUAL DO RIO GRANDE DO SUL,AGRONOMIA,Integral,"586,22"
109,20191,MA,São Raimundo das Mangabeiras,"INSTITUTO FEDERAL DE EDUCAÇÃO, CIÊNCIA E TECNOLOGIA DO MARANHÃO",AGRONOMIA,Integral,"588,48"
110,20191,SC,São Miguel do Oeste,"INSTITUTO FEDERAL DE EDUCAÇÃO, CIÊNCIA E TECNOLOGIA  DE SANTA CATARINA",AGRONOMIA,Integral,"588,88"
111,20191,PB,Areia,UNIVERSIDADE FEDERAL DA PARAÍBA,AGRONOMIA,Integral,"590,36"
112,20191,RS,Cachoeira do Sul,UNIVERSIDADE ESTADUAL DO RIO GRANDE DO SUL,AGRONOMIA,Integral,"590,89"
113,20191,MA,Codó,"INSTITUTO FEDERAL DE EDUCAÇÃO, CIÊNCIA E TECNOLOGIA DO MARANHÃO",AGRONOMIA,Integral,"591,00"
114,20191,RS,Itaqui,FUNDAÇÃO UNIVERSIDADE FEDERAL DO PAMPA - UNIPAMPA,AGRONOMIA,Integral,"591,94"
115,20191,MT,Tangará da Serra,UNIVERSIDADE DO ESTADO DE MATO GROSSO,AGRONOMIA,Integral,"592,90"
116,20191,RS,Vacaria,UNIVERSIDADE ESTADUAL DO RIO GRANDE DO SUL,AGRONOMIA,Integral,"594,84"
117,20191,SC,Canoinhas,"INSTITUTO FEDERAL DE EDUCAÇÃO, CIÊNCIA E TECNOLOGIA  DE SANTA CATARINA",AGRONOMIA,Integral,"597,80"
118,20191,SC,Chapecó,UNIVERSIDADE FEDERAL DA FRONTEIRA SUL,AGRONOMIA,Integral,"598,88"
119,20191,SC,Concórdia,"INSTITUTO FEDERAL DE EDUCAÇÃO, CIÊNCIA E TECNOLOGIA CATARINENSE",AGRONOMIA,Integral,"599,42"
120,20191,SC,Rio do Sul,"INSTITUTO FEDERAL DE EDUCAÇÃO, CIÊNCIA E TECNOLOGIA CATARINENSE",AGRONOMIA,Integral,"580,12"
121,20191,MT,Cáceres,UNIVERSIDADE DO ESTADO DE MATO GROSSO,AGRONOMIA,Integral,"581,40"
122,20191,MT,Nova Xavantina,UNIVERSIDADE DO ESTADO DE MATO GROSSO,AGRONOMIA,Integral,"582,09"
123,20191,MS,Aquidauana,UNIVERSIDADE ESTADUAL DE MATO GROSSO DO SUL,AGRONOMIA,Integral,"583,36"
124,20191,RS,Três Passos,UNIVERSIDADE ESTADUAL DO RIO GRANDE DO SUL,AGRONOMIA,Integral,"583,79"
125,20191,MS,Cassilândia,UNIVERSIDADE ESTADUAL DE MATO GROSSO DO SUL,AGRONOMIA,Integral,"584,11"
126,20191,MT,Nova Mutum,UNIVERSIDADE DO ESTADO DE MATO GROSSO,AGRONOMIA,Integral,"584,51"
127,20191,RS,Sant'Ana do Livramento,UNIVERSIDADE ESTADUAL DO RIO GRANDE DO SUL,AGRONOMIA,Integral,"585,26"
128,20191,RS,São Luiz Gonzaga,UNIVERSIDADE ESTADUAL DO RIO GRANDE DO SUL,AGRONOMIA,Integral,"586,22"
129,20191,MA,São Raimundo das Mangabeiras,"INSTITUTO FEDERAL DE EDUCAÇÃO, CIÊNCIA E TECNOLOGIA DO MARANHÃO",AGRONOMIA,Integral,"588,48"
130,20191,SC,São Miguel do Oeste,"INSTITUTO FEDERAL DE EDUCAÇÃO, CIÊNCIA E TECNOLOGIA  DE SANTA CATARINA",AGRONOMIA,Integral,"588,88"
131,20191,PB,Areia,UNIVERSIDADE FEDERAL DA PARAÍBA,AGRONOMIA,Integral,"590,36"
132,20191,RS,Cachoeira do Sul,UNIVERSIDADE ESTADUAL DO RIO GRANDE DO SUL,AGRONOMIA,Integral,"590,89"
133,20191,MA,Codó,"INSTITUTO FEDERAL DE EDUCAÇÃO, CIÊNCIA E TECNOLOGIA DO MARANHÃO",AGRONOMIA,Integral,"591,00"
134,20191,RS,Itaqui,FUNDAÇÃO UNIVERSIDADE FEDERAL DO PAMPA - UNIPAMPA,AGRONOMIA,Integral,"591,94"
135,20191,MT,Tangará da Serra,UNIVERSIDADE DO ESTADO DE MATO GROSSO,AGRONOMIA,Integral,"592,90"
136,20191,RS,Vacaria,UNIVERSIDADE ESTADUAL DO RIO GRANDE DO SUL,AGRONOMIA,Integral,"594,84"
137,20191,SC,Canoinhas,"INSTITUTO FEDERAL DE EDUCAÇÃO, CIÊNCIA E TECNOLOGIA  DE SANTA CATARINA",AGRONOMIA,Integral,"597,80"
138,20191,SC,Chapecó,UNIVERSIDADE FEDERAL DA FRONTEIRA SUL,AGRONOMIA,Integral,"598,88"
139,20191,SC,Concórdia,"INSTITUTO FEDERAL DE EDUCAÇÃO, CIÊNCIA E TECNOLOGIA CATARINENSE",AGRONOMIA,Integral,"599,42"
140,20191,SC,Urupema,"INSTITUTO FEDERAL DE EDUCAÇÃO, CIÊNCIA E TECNOLOGIA  DE SANTA CATARINA",ALIMENTOS,Integral,"528,66"
141,20191,RS,Bagé,"INSTITUTO FEDERAL DE EDUCAÇÃO, CIÊNCIA E TECNOLOGIA SUL-RIO-GRANDENSE",ALIMENTOS,Noturno,"532,24"
142,20191,MS,Coxim,"INSTITUTO FEDERAL DE EDUCAÇÃO, CIÊNCIA E TECNOLOGIA DE MATO GROSSO DO SUL",ALIMENTOS,Noturno,"536,12"
143,20191,MA,Zé Doca,"INSTITUTO FEDERAL DE EDUCAÇÃO, CIÊNCIA E TECNOLOGIA DO MARANHÃO",ALIMENTOS,Noturno,"542,88"
144,20191,MA,Codó,"INSTITUTO FEDERAL DE EDUCAÇÃO, CIÊNCIA E TECNOLOGIA DO MARANHÃO",ALIMENTOS,Integral,"547,72"
145,20191,TO,Paraíso do Tocantins,"INSTITUTO FEDERAL DE EDUCAÇÃO, CIÊNCIA E TECNOLOGIA DO TOCANTINS",ALIMENTOS,Vespertino,"552,03"
146,20191,SC,Canoinhas,"INSTITUTO FEDERAL DE EDUCAÇÃO, CIÊNCIA E TECNOLOGIA  DE SANTA CATARINA",ALIMENTOS,Noturno,"552,06"
147,20191,SC,São Miguel do Oeste,"INSTITUTO FEDERAL DE EDUCAÇÃO, CIÊNCIA E TECNOLOGIA  DE SANTA CATARINA",ALIMENTOS,Noturno,"553,74"
148,20191,PB,Sousa,"INSTITUTO FEDERAL DE EDUCAÇÃO, CIÊNCIA E TECNOLOGIA  DA PARAÍBA",ALIMENTOS,Integral,"559,36"
149,20191,PE,Salgueiro,"INSTITUTO FEDERAL DE EDUCAÇÃO, CIÊNCIA E TECNOLOGIA DO SERTÃO PERNAMBUCANO",ALIMENTOS,Matutino,"562,81"
150,20191,SE,São Cristóvão,"INSTITUTO FEDERAL DE EDUCAÇÃO, CIÊNCIA E TECNOLOGIA DE SERGIPE",ALIMENTOS,Matutino,"566,76"
151,20191,MA,Bacabal,"INSTITUTO FEDERAL DE EDUCAÇÃO, CIÊNCIA E TECNOLOGIA DO MARANHÃO",ALIMENTOS,Integral,"568,06"
152,20191,PB,João Pessoa,UNIVERSIDADE FEDERAL DA PARAÍBA,ALIMENTOS,Vespertino,"568,34"
153,20191,PB,João Pessoa,UNIVERSIDADE FEDERAL DA PARAÍBA,ALIMENTOS,Noturno,"568,58"
154,20191,PR,Medianeira,UNIVERSIDADE TECNOLÓGICA FEDERAL DO PARANÁ,ALIMENTOS,Noturno,"569,02"
155,20191,RN,Currais Novos,"INSTITUTO FEDERAL DE EDUCAÇÃO, CIÊNCIA E TECNOLOGIA DO RIO GRANDE DO NORTE",ALIMENTOS,Matutino,"570,72"
156,20191,RS,Santa Maria,UNIVERSIDADE FEDERAL DE SANTA MARIA,ALIMENTOS,Integral,"571,48"
157,20191,RS,Santo Augusto,"INSTITUTO FEDERAL DE EDUCAÇÃO, CIÊNCIA E TECNOLOGIA FARROUPILHA",ALIMENTOS,Noturno,"572,94"
158,20191,AL,Maceió,"INSTITUTO FEDERAL DE EDUCAÇÃO, CIÊNCIA E TECNOLOGIA DE ALAGOAS",ALIMENTOS,Noturno,"576,34"
159,20191,PI,Teresina,"INSTITUTO FEDERAL DE EDUCAÇÃO, CIÊNCIA E TECNOLOGIA DO PIAUÍ",ALIMENTOS,Vespertino,"577,10"
160,20191,SC,Urupema,"INSTITUTO FEDERAL DE EDUCAÇÃO, CIÊNCIA E TECNOLOGIA  DE SANTA CATARINA",ALIMENTOS,Integral,"528,66"
161,20191,RS,Bagé,"INSTITUTO FEDERAL DE EDUCAÇÃO, CIÊNCIA E TECNOLOGIA SUL-RIO-GRANDENSE",ALIMENTOS,Noturno,"532,24"
162,20191,MS,Coxim,"INSTITUTO FEDERAL DE EDUCAÇÃO, CIÊNCIA E TECNOLOGIA DE MATO GROSSO DO SUL",ALIMENTOS,Noturno,"536,12"
163,20191,MA,Zé Doca,"INSTITUTO FEDERAL DE EDUCAÇÃO, CIÊNCIA E TECNOLOGIA DO MARANHÃO",ALIMENTOS,Noturno,"542,88"
164,20191,MA,Codó,"INSTITUTO FEDERAL DE EDUCAÇÃO, CIÊNCIA E TECNOLOGIA DO MARANHÃO",ALIMENTOS,Integral,"547,72"
165,20191,TO,Paraíso do Tocantins,"INSTITUTO FEDERAL DE EDUCAÇÃO, CIÊNCIA E TECNOLOGIA DO TOCANTINS",ALIMENTOS,Vespertino,"552,03"
166,20191,SC,Canoinhas,"INSTITUTO FEDERAL DE EDUCAÇÃO, CIÊNCIA E TECNOLOGIA  DE SANTA CATARINA",ALIMENTOS,Noturno,"552,06"
167,20191,SC,São Miguel do Oeste,"INSTITUTO FEDERAL DE EDUCAÇÃO, CIÊNCIA E TECNOLOGIA  DE SANTA CATARINA",ALIMENTOS,Noturno,"553,74"
168,20191,PB,Sousa,"INSTITUTO FEDERAL DE EDUCAÇÃO, CIÊNCIA E TECNOLOGIA  DA PARAÍBA",ALIMENTOS,Integral,"559,36"
169,20191,PE,Salgueiro,"INSTITUTO FEDERAL DE EDUCAÇÃO, CIÊNCIA E TECNOLOGIA DO SERTÃO PERNAMBUCANO",ALIMENTOS,Matutino,"562,81"
170,20191,SE,São Cristóvão,"INSTITUTO FEDERAL DE EDUCAÇÃO, CIÊNCIA E TECNOLOGIA DE SERGIPE",ALIMENTOS,Matutino,"566,76"
171,20191,MA,Bacabal,"INSTITUTO FEDERAL DE EDUCAÇÃO, CIÊNCIA E TECNOLOGIA DO MARANHÃO",ALIMENTOS,Integral,"568,06"
172,20191,PB,João Pessoa,UNIVERSIDADE FEDERAL DA PARAÍBA,ALIMENTOS,Vespertino,"568,34"
173,20191,PB,João Pessoa,UNIVERSIDADE FEDERAL DA PARAÍBA,ALIMENTOS,Noturno,"568,58"
174,20191,PR,Medianeira,UNIVERSIDADE TECNOLÓGICA FEDERAL DO PARANÁ,ALIMENTOS,Noturno,"569,02"
175,20191,RN,Currais Novos,"INSTITUTO FEDERAL DE EDUCAÇÃO, CIÊNCIA E TECNOLOGIA DO RIO GRANDE DO NORTE",ALIMENTOS,Matutino,"570,72"
176,20191,RS,Santa Maria,UNIVERSIDADE FEDERAL DE SANTA MARIA,ALIMENTOS,Integral,"571,48"
177,20191,RS,Santo Augusto,"INSTITUTO FEDERAL DE EDUCAÇÃO, CIÊNCIA E TECNOLOGIA FARROUPILHA",ALIMENTOS,Noturno,"572,94"
178,20191,AL,Maceió,"INSTITUTO FEDERAL DE EDUCAÇÃO, CIÊNCIA E TECNOLOGIA DE ALAGOAS",ALIMENTOS,Noturno,"576,34"
179,20191,PI,Teresina,"INSTITUTO FEDERAL DE EDUCAÇÃO, CIÊNCIA E TECNOLOGIA DO PIAUÍ",ALIMENTOS,Vespertino,"577,10"
180,20191,PR,Campo Mourão,UNIVERSIDADE TECNOLÓGICA FEDERAL DO PARANÁ,ALIMENTOS,Noturno,"578,52"
181,20191,AP,Macapá,"INSTITUTO FEDERAL DE EDUCAÇÃO, CIÊNCIA E TECNOLOGIA DO AMAPÁ",ALIMENTOS,Matutino,"579,02"
182,20191,GO,Morrinhos,"INSTITUTO FEDERAL DE EDUCAÇÃO, CIÊNCIA E TECNOLOGIA GOIANO",ALIMENTOS,Noturno,"580,74"
183,20191,MA,São Luís,"INSTITUTO FEDERAL DE EDUCAÇÃO, CIÊNCIA E TECNOLOGIA DO MARANHÃO",ALIMENTOS,Vespertino,"587,86"
184,20191,MG,Frutal,UNIVERSIDADE DO ESTADO DE MINAS GERAIS,ALIMENTOS,Noturno,"590,90"
185,20191,PE,Petrolina,"INSTITUTO FEDERAL DE EDUCAÇÃO, CIÊNCIA E TECNOLOGIA DO SERTÃO PERNAMBUCANO",ALIMENTOS,Vespertino,"591,49"
186,20191,AM,Manaus,"INSTITUTO FEDERAL DE EDUCAÇÃO, CIÊNCIA E TECNOLOGIA  DO AMAZONAS",ALIMENTOS,Noturno,"595,00"
187,20191,MG,Barbacena,"INSTITUTO FEDERAL DE EDUCAÇÃO, CIÊNCIA E TECNOLOGIA DO SUDESTE DE MINAS GERAIS",ALIMENTOS,Integral,"597,60"
188,20191,PI,Corrente,"INSTITUTO FEDERAL DE EDUCAÇÃO, CIÊNCIA E TECNOLOGIA DO PIAUÍ",ANÁLISE E DESENVOLVIMENTO DE SISTEMAS,Noturno,"553,08"
189,20191,RN,Nova Cruz,"INSTITUTO FEDERAL DE EDUCAÇÃO, CIÊNCIA E TECNOLOGIA DO RIO GRANDE DO NORTE",ANÁLISE E DESENVOLVIMENTO DE SISTEMAS,Vespertino,"573,84"
190,20191,SC,Fraiburgo,"INSTITUTO FEDERAL DE EDUCAÇÃO, CIÊNCIA E TECNOLOGIA CATARINENSE",ANÁLISE E DESENVOLVIMENTO DE SISTEMAS,Noturno,"576,52"
191,20191,PB,Monteiro,"INSTITUTO FEDERAL DE EDUCAÇÃO, CIÊNCIA E TECNOLOGIA  DA PARAÍBA",ANÁLISE E DESENVOLVIMENTO DE SISTEMAS,Noturno,"578,92"
192,20191,PI,Picos,"INSTITUTO FEDERAL DE EDUCAÇÃO, CIÊNCIA E TECNOLOGIA DO PIAUÍ",ANÁLISE E DESENVOLVIMENTO DE SISTEMAS,Vespertino,"579,90"
193,20191,RS,Bagé,"INSTITUTO FEDERAL DE EDUCAÇÃO, CIÊNCIA E TECNOLOGIA SUL-RIO-GRANDENSE",ANÁLISE E DESENVOLVIMENTO DE SISTEMAS,Noturno,"582,06"
194,20191,RS,Alegrete,"INSTITUTO FEDERAL DE EDUCAÇÃO, CIÊNCIA E TECNOLOGIA FARROUPILHA",ANÁLISE E DESENVOLVIMENTO DE SISTEMAS,Noturno,"584,88"
195,20191,MG,Araçuaí,"INSTITUTO FEDERAL DE EDUCAÇÃO, CIÊNCIA E TECNOLOGIA DO NORTE DE MINAS GERAIS",ANÁLISE E DESENVOLVIMENTO DE SISTEMAS,Noturno,"585,50"
196,20191,SC,Canoinhas,"INSTITUTO FEDERAL DE EDUCAÇÃO, CIÊNCIA E TECNOLOGIA  DE SANTA CATARINA",ANÁLISE E DESENVOLVIMENTO DE SISTEMAS,Noturno,"586,00"
197,20191,MS,Corumbá,"INSTITUTO FEDERAL DE EDUCAÇÃO, CIÊNCIA E TECNOLOGIA DE MATO GROSSO DO SUL",ANÁLISE E DESENVOLVIMENTO DE SISTEMAS,Matutino,"587,06"
198,20191,RS,Camaquã,"INSTITUTO FEDERAL DE EDUCAÇÃO, CIÊNCIA E TECNOLOGIA SUL-RIO-GRANDENSE",ANÁLISE E DESENVOLVIMENTO DE SISTEMAS,Noturno,"589,26"
199,20191,RN,Macaíba,UNIVERSIDADE FEDERAL DO RIO GRANDE DO NORTE,ANÁLISE E DESENVOLVIMENTO DE SISTEMAS,Integral,"591,25"
200,20191,PR,Campo Mourão,UNIVERSIDADE TECNOLÓGICA FEDERAL DO PARANÁ,ALIMENTOS,Noturno,"578,52"
201,20191,AP,Macapá,"INSTITUTO FEDERAL DE EDUCAÇÃO, CIÊNCIA E TECNOLOGIA DO AMAPÁ",ALIMENTOS,Matutino,"579,02"
202,20191,GO,Morrinhos,"INSTITUTO FEDERAL DE EDUCAÇÃO, CIÊNCIA E TECNOLOGIA GOIANO",ALIMENTOS,Noturno,"580,74"
203,20191,MA,São Luís,"INSTITUTO FEDERAL DE EDUCAÇÃO, CIÊNCIA E TECNOLOGIA DO MARANHÃO",ALIMENTOS,Vespertino,"587,86"
204,20191,MG,Frutal,UNIVERSIDADE DO ESTADO DE MINAS GERAIS,ALIMENTOS,Noturno,"590,90"
205,20191,PE,Petrolina,"INSTITUTO FEDERAL DE EDUCAÇÃO, CIÊNCIA E TECNOLOGIA DO SERTÃO PERNAMBUCANO",ALIMENTOS,Vespertino,"591,49"
206,20191,AM,Manaus,"INSTITUTO FEDERAL DE EDUCAÇÃO, CIÊNCIA E TECNOLOGIA  DO AMAZONAS",ALIMENTOS,Noturno,"595,00"
207,20191,MG,Barbacena,"INSTITUTO FEDERAL DE EDUCAÇÃO, CIÊNCIA E TECNOLOGIA DO SUDESTE DE MINAS GERAIS",ALIMENTOS,Integral,"597,60"
208,20191,PI,Corrente,"INSTITUTO FEDERAL DE EDUCAÇÃO, CIÊNCIA E TECNOLOGIA DO PIAUÍ",ANÁLISE E DESENVOLVIMENTO DE SISTEMAS,Noturno,"553,08"
209,20191,RN,Nova Cruz,"INSTITUTO FEDERAL DE EDUCAÇÃO, CIÊNCIA E TECNOLOGIA DO RIO GRANDE DO NORTE",ANÁLISE E DESENVOLVIMENTO DE SISTEMAS,Vespertino,"573,84"
210,20191,SC,Fraiburgo,"INSTITUTO FEDERAL DE EDUCAÇÃO, CIÊNCIA E TECNOLOGIA CATARINENSE",ANÁLISE E DESENVOLVIMENTO DE SISTEMAS,Noturno,"576,52"
211,20191,PB,Monteiro,"INSTITUTO FEDERAL DE EDUCAÇÃO, CIÊNCIA E TECNOLOGIA  DA PARAÍBA",ANÁLISE E DESENVOLVIMENTO DE SISTEMAS,Noturno,"578,92"
212,20191,PI,Picos,"INSTITUTO FEDERAL DE EDUCAÇÃO, CIÊNCIA E TECNOLOGIA DO PIAUÍ",ANÁLISE E DESENVOLVIMENTO DE SISTEMAS,Vespertino,"579,90"
213,20191,RS,Bagé,"INSTITUTO FEDERAL DE EDUCAÇÃO, CIÊNCIA E TECNOLOGIA SUL-RIO-GRANDENSE",ANÁLISE E DESENVOLVIMENTO DE SISTEMAS,Noturno,"582,06"
214,20191,RS,Alegrete,"INSTITUTO FEDERAL DE EDUCAÇÃO, CIÊNCIA E TECNOLOGIA FARROUPILHA",ANÁLISE E DESENVOLVIMENTO DE SISTEMAS,Noturno,"584,88"
215,20191,MG,Araçuaí,"INSTITUTO FEDERAL DE EDUCAÇÃO, CIÊNCIA E TECNOLOGIA DO NORTE DE MINAS GERAIS",ANÁLISE E DESENVOLVIMENTO DE SISTEMAS,Noturno,"585,50"
216,20191,SC,Canoinhas,"INSTITUTO FEDERAL DE EDUCAÇÃO, CIÊNCIA E TECNOLOGIA  DE SANTA CATARINA",ANÁLISE E DESENVOLVIMENTO DE SISTEMAS,Noturno,"586,00"
217,20191,MS,Corumbá,"INSTITUTO FEDERAL DE EDUCAÇÃO, CIÊNCIA E TECNOLOGIA DE MATO GROSSO DO SUL",ANÁLISE E DESENVOLVIMENTO DE SISTEMAS,Matutino,"587,06"
218,20191,RS,Camaquã,"INSTITUTO FEDERAL DE EDUCAÇÃO, CIÊNCIA E TECNOLOGIA SUL-RIO-GRANDENSE",ANÁLISE E DESENVOLVIMENTO DE SISTEMAS,Noturno,"589,26"
219,20191,RN,Macaíba,UNIVERSIDADE FEDERAL DO RIO GRANDE DO NORTE,ANÁLISE E DESENVOLVIMENTO DE SISTEMAS,Integral,"591,25"
220,20191,GO,Iporá,"INSTITUTO FEDERAL DE EDUCAÇÃO, CIÊNCIA E TECNOLOGIA GOIANO",ANÁLISE E DESENVOLVIMENTO DE SISTEMAS,Noturno,"591,66"
221,20191,RN,Pau dos Ferros,"INSTITUTO FEDERAL DE EDUCAÇÃO, CIÊNCIA E TECNOLOGIA DO RIO GRANDE DO NORTE",ANÁLISE E DESENVOLVIMENTO DE SISTEMAS,Vespertino,"592,98"
222,20191,RR,Boa Vista,"INSTITUTO FEDERAL DE EDUCAÇÃO, CIÊNCIA E TECNOLOGIA DE RORAIMA",ANÁLISE E DESENVOLVIMENTO DE SISTEMAS,Vespertino,"593,80"
223,20191,RR,Boa Vista,"INSTITUTO FEDERAL DE EDUCAÇÃO, CIÊNCIA E TECNOLOGIA DE RORAIMA",ANÁLISE E DESENVOLVIMENTO DE SISTEMAS,Noturno,"594,64"
224,20191,RS,Sant'Ana do Livramento,"INSTITUTO FEDERAL DE EDUCAÇÃO, CIÊNCIA E TECNOLOGIA SUL-RIO-GRANDENSE",ANÁLISE E DESENVOLVIMENTO DE SISTEMAS,Noturno,"597,09"
225,20191,PI,Floriano,"INSTITUTO FEDERAL DE EDUCAÇÃO, CIÊNCIA E TECNOLOGIA DO PIAUÍ",ANÁLISE E DESENVOLVIMENTO DE SISTEMAS,Noturno,"599,35"
226,20191,PI,São Raimundo Nonato,FUNDAÇÃO UNIVERSIDADE FEDERAL DO VALE DO SÃO FRANCISCO,ANTROPOLOGIA,Integral,"556,36"
227,20191,PB,Rio Tinto,UNIVERSIDADE FEDERAL DA PARAÍBA,ANTROPOLOGIA,Noturno,"575,78"
228,20191,RR,Boa Vista,UNIVERSIDADE FEDERAL DE RORAIMA,ANTROPOLOGIA,Noturno,"592,01"
229,20191,RS,Uruguaiana,FUNDAÇÃO UNIVERSIDADE FEDERAL DO PAMPA - UNIPAMPA,AQÜICULTURA,Vespertino,"534,32"
230,20191,RS,Rio Grande,UNIVERSIDADE FEDERAL DO RIO GRANDE,ARQUIVOLOGIA,Noturno,"567,53"
231,20191,PB,João Pessoa,UNIVERSIDADE FEDERAL DA PARAÍBA,ARQUIVOLOGIA,Noturno,"579,00"
232,20191,RS,Santa Maria,UNIVERSIDADE FEDERAL DE SANTA MARIA,ARQUIVOLOGIA,Integral,"592,66"
233,20191,BA,Santo Amaro,UNIVERSIDADE FEDERAL DO RECÔNCAVO DA BAHIA,ARTES DO ESPETÁCULO,Vespertino,"549,14"
234,20191,RR,Boa Vista,UNIVERSIDADE FEDERAL DE RORAIMA,ARTES VISUAIS,Noturno,"585,82"
235,20191,MT,Rondonópolis,UNIVERSIDADE FEDERAL DE MATO GROSSO,BIBLIOTECONOMIA,Noturno,"550,20"
236,20191,PB,João Pessoa,UNIVERSIDADE FEDERAL DA PARAÍBA,BIBLIOTECONOMIA,Noturno,"573,60"
237,20191,RS,Rio Grande,UNIVERSIDADE FEDERAL DO RIO GRANDE,BIBLIOTECONOMIA,Matutino,"577,17"
238,20191,AL,Maceió,UNIVERSIDADE FEDERAL DE ALAGOAS,BIBLIOTECONOMIA,Noturno,"580,30"
239,20191,PI,Teresina,UNIVERSIDADE ESTADUAL DO PIAUÍ,BIBLIOTECONOMIA,Vespertino,"591,77"
240,20191,GO,Iporá,"INSTITUTO FEDERAL DE EDUCAÇÃO, CIÊNCIA E TECNOLOGIA GOIANO",ANÁLISE E DESENVOLVIMENTO DE SISTEMAS,Noturno,"591,66"
241,20191,RN,Pau dos Ferros,"INSTITUTO FEDERAL DE EDUCAÇÃO, CIÊNCIA E TECNOLOGIA DO RIO GRANDE DO NORTE",ANÁLISE E DESENVOLVIMENTO DE SISTEMAS,Vespertino,"592,98"
242,20191,RR,Boa Vista,"INSTITUTO FEDERAL DE EDUCAÇÃO, CIÊNCIA E TECNOLOGIA DE RORAIMA",ANÁLISE E DESENVOLVIMENTO DE SISTEMAS,Vespertino,"593,80"
243,20191,RR,Boa Vista,"INSTITUTO FEDERAL DE EDUCAÇÃO, CIÊNCIA E TECNOLOGIA DE RORAIMA",ANÁLISE E DESENVOLVIMENTO DE SISTEMAS,Noturno,"594,64"
244,20191,RS,Sant'Ana do Livramento,"INSTITUTO FEDERAL DE EDUCAÇÃO, CIÊNCIA E TECNOLOGIA SUL-RIO-GRANDENSE",ANÁLISE E DESENVOLVIMENTO DE SISTEMAS,Noturno,"597,09"
245,20191,PI,Floriano,"INSTITUTO FEDERAL DE EDUCAÇÃO, CIÊNCIA E TECNOLOGIA DO PIAUÍ",ANÁLISE E DESENVOLVIMENTO DE SISTEMAS,Noturno,"599,35"
246,20191,PI,São Raimundo Nonato,FUNDAÇÃO UNIVERSIDADE FEDERAL DO VALE DO SÃO FRANCISCO,ANTROPOLOGIA,Integral,"556,36"
247,20191,PB,Rio Tinto,UNIVERSIDADE FEDERAL DA PARAÍBA,ANTROPOLOGIA,Noturno,"575,78"
248,20191,RR,Boa Vista,UNIVERSIDADE FEDERAL DE RORAIMA,ANTROPOLOGIA,Noturno,"592,01"
249,20191,RS,Uruguaiana,FUNDAÇÃO UNIVERSIDADE FEDERAL DO PAMPA - UNIPAMPA,AQÜICULTURA,Vespertino,"534,32"
250,20191,RS,Rio Grande,UNIVERSIDADE FEDERAL DO RIO GRANDE,ARQUIVOLOGIA,Noturno,"567,53"
251,20191,PB,João Pessoa,UNIVERSIDADE FEDERAL DA PARAÍBA,ARQUIVOLOGIA,Noturno,"579,00"
252,20191,RS,Santa Maria,UNIVERSIDADE FEDERAL DE SANTA MARIA,ARQUIVOLOGIA,Integral,"592,66"
253,20191,BA,Santo Amaro,UNIVERSIDADE FEDERAL DO RECÔNCAVO DA BAHIA,ARTES DO ESPETÁCULO,Vespertino,"549,14"
254,20191,RR,Boa Vista,UNIVERSIDADE FEDERAL DE RORAIMA,ARTES VISUAIS,Noturno,"585,82"
255,20191,MT,Rondonópolis,UNIVERSIDADE FEDERAL DE MATO GROSSO,BIBLIOTECONOMIA,Noturno,"550,20"
256,20191,PB,João Pessoa,UNIVERSIDADE FEDERAL DA PARAÍBA,BIBLIOTECONOMIA,Noturno,"573,60"
257,20191,RS,Rio Grande,UNIVERSIDADE FEDERAL DO RIO GRANDE,BIBLIOTECONOMIA,Matutino,"577,17"
258,20191,AL,Maceió,UNIVERSIDADE FEDERAL DE ALAGOAS,BIBLIOTECONOMIA,Noturno,"580,30"
259,20191,PI,Teresina,UNIVERSIDADE ESTADUAL DO PIAUÍ,BIBLIOTECONOMIA,Vespertino,"591,77"
260,20191,ES,Alegre,"INSTITUTO FEDERAL DE EDUCAÇÃO, CIÊNCIA E TECNOLOGIA DO ESPÍRITO SANTO",CAFEICULTURA,Matutino,"574,30"
261,20191,MT,Alto Araguaia,UNIVERSIDADE DO ESTADO DE MATO GROSSO,CIÊNCIA DA COMPUTAÇÃO,Noturno,"576,30"
262,20191,PB,Rio Tinto,UNIVERSIDADE FEDERAL DA PARAÍBA,CIÊNCIA DA COMPUTAÇÃO,Integral,"581,74"
263,20191,MT,Barra do Bugres,UNIVERSIDADE DO ESTADO DE MATO GROSSO,CIÊNCIA DA COMPUTAÇÃO,Noturno,"585,12"
264,20191,PI,Piripiri,UNIVERSIDADE ESTADUAL DO PIAUÍ,CIÊNCIA DA COMPUTAÇÃO,Vespertino,"587,02"
265,20191,PI,Piripiri,UNIVERSIDADE ESTADUAL DO PIAUÍ,CIÊNCIA DA COMPUTAÇÃO,Matutino,"592,09"
266,20191,MS,Ponta Porã,UNIVERSIDADE FEDERAL DE MATO GROSSO DO SUL,CIÊNCIA DA COMPUTAÇÃO,Integral,"596,50"
267,20191,RS,Itaqui,FUNDAÇÃO UNIVERSIDADE FEDERAL DO PAMPA - UNIPAMPA,CIÊNCIA E TECNOLOGIA DE ALIMENTOS,Integral,"541,90"
268,20191,RS,Encantado,UNIVERSIDADE ESTADUAL DO RIO GRANDE DO SUL,CIÊNCIA E TECNOLOGIA DE ALIMENTOS,Noturno,"552,96"
269,20191,RS,Cruz Alta,UNIVERSIDADE ESTADUAL DO RIO GRANDE DO SUL,CIÊNCIA E TECNOLOGIA DE ALIMENTOS,Noturno,"560,67"
270,20191,GO,Urutaí,"INSTITUTO FEDERAL DE EDUCAÇÃO, CIÊNCIA E TECNOLOGIA GOIANO",CIÊNCIA E TECNOLOGIA DE ALIMENTOS,Integral,"573,40"
271,20191,MT,Cuiabá,UNIVERSIDADE FEDERAL DE MATO GROSSO,CIÊNCIA E TECNOLOGIA DE ALIMENTOS,Noturno,"586,98"
272,20191,MG,Rio Pomba,"INSTITUTO FEDERAL DE EDUCAÇÃO, CIÊNCIA E TECNOLOGIA DO SUDESTE DE MINAS GERAIS",CIÊNCIA E TECNOLOGIA DE ALIMENTOS,Integral,"587,58"
273,20191,ES,Venda Nova do Imigrante,"INSTITUTO FEDERAL DE EDUCAÇÃO, CIÊNCIA E TECNOLOGIA DO ESPÍRITO SANTO",CIÊNCIA E TECNOLOGIA DE ALIMENTOS,Integral,"589,64"
274,20191,RJ,Bom Jesus do Itabapoana,"INSTITUTO FEDERAL DE EDUCAÇÃO, CIÊNCIA E TECNOLOGIA FLUMINENSE",CIÊNCIA E TECNOLOGIA DE ALIMENTOS,Noturno,"593,82"
275,20191,RS,Caxias do Sul,UNIVERSIDADE ESTADUAL DO RIO GRANDE DO SUL,CIÊNCIA E TECNOLOGIA DE ALIMENTOS,Noturno,"597,73"
276,20191,MG,Rio Pomba,"INSTITUTO FEDERAL DE EDUCAÇÃO, CIÊNCIA E TECNOLOGIA DO SUDESTE DE MINAS GERAIS",CIÊNCIA E TECNOLOGIA DE LATICÍNIOS,Integral,"583,22"
277,20191,AM,Humaitá,UNIVERSIDADE FEDERAL DO AMAZONAS,CIÊNCIAS - MATEMÁTICA E FÍSICA,Integral,"595,44"
278,20191,AM,Coari,UNIVERSIDADE FEDERAL DO AMAZONAS,CIÊNCIAS - MATEMÁTICA E FÍSICA,Integral,"597,37"
279,20191,AM,Humaitá,UNIVERSIDADE FEDERAL DO AMAZONAS,CIÊNCIAS - QUÍMICA E BIOLOGIA,Integral,"591,23"
280,20191,ES,Alegre,"INSTITUTO FEDERAL DE EDUCAÇÃO, CIÊNCIA E TECNOLOGIA DO ESPÍRITO SANTO",CAFEICULTURA,Matutino,"574,30"
281,20191,MT,Alto Araguaia,UNIVERSIDADE DO ESTADO DE MATO GROSSO,CIÊNCIA DA COMPUTAÇÃO,Noturno,"576,30"
282,20191,PB,Rio Tinto,UNIVERSIDADE FEDERAL DA PARAÍBA,CIÊNCIA DA COMPUTAÇÃO,Integral,"581,74"
283,20191,MT,Barra do Bugres,UNIVERSIDADE DO ESTADO DE MATO GROSSO,CIÊNCIA DA COMPUTAÇÃO,Noturno,"585,12"
284,20191,PI,Piripiri,UNIVERSIDADE ESTADUAL DO PIAUÍ,CIÊNCIA DA COMPUTAÇÃO,Vespertino,"587,02"
285,20191,PI,Piripiri,UNIVERSIDADE ESTADUAL DO PIAUÍ,CIÊNCIA DA COMPUTAÇÃO,Matutino,"592,09"
286,20191,MS,Ponta Porã,UNIVERSIDADE FEDERAL DE MATO GROSSO DO SUL,CIÊNCIA DA COMPUTAÇÃO,Integral,"596,50"
287,20191,RS,Itaqui,FUNDAÇÃO UNIVERSIDADE FEDERAL DO PAMPA - UNIPAMPA,CIÊNCIA E TECNOLOGIA DE ALIMENTOS,Integral,"541,90"
288,20191,RS,Encantado,UNIVERSIDADE ESTADUAL DO RIO GRANDE DO SUL,CIÊNCIA E TECNOLOGIA DE ALIMENTOS,Noturno,"552,96"
289,20191,RS,Cruz Alta,UNIVERSIDADE ESTADUAL DO RIO GRANDE DO SUL,CIÊNCIA E TECNOLOGIA DE ALIMENTOS,Noturno,"560,67"
290,20191,GO,Urutaí,"INSTITUTO FEDERAL DE EDUCAÇÃO, CIÊNCIA E TECNOLOGIA GOIANO",CIÊNCIA E TECNOLOGIA DE ALIMENTOS,Integral,"573,40"
291,20191,MT,Cuiabá,UNIVERSIDADE FEDERAL DE MATO GROSSO,CIÊNCIA E TECNOLOGIA DE ALIMENTOS,Noturno,"586,98"
292,20191,MG,Rio Pomba,"INSTITUTO FEDERAL DE EDUCAÇÃO, CIÊNCIA E TECNOLOGIA DO SUDESTE DE MINAS GERAIS",CIÊNCIA E TECNOLOGIA DE ALIMENTOS,Integral,"587,58"
293,20191,ES,Venda Nova do Imigrante,"INSTITUTO FEDERAL DE EDUCAÇÃO, CIÊNCIA E TECNOLOGIA DO ESPÍRITO SANTO",CIÊNCIA E TECNOLOGIA DE ALIMENTOS,Integral,"589,64"
294,20191,RJ,Bom Jesus do Itabapoana,"INSTITUTO FEDERAL DE EDUCAÇÃO, CIÊNCIA E TECNOLOGIA FLUMINENSE",CIÊNCIA E TECNOLOGIA DE ALIMENTOS,Noturno,"593,82"
295,20191,RS,Caxias do Sul,UNIVERSIDADE ESTADUAL DO RIO GRANDE DO SUL,CIÊNCIA E TECNOLOGIA DE ALIMENTOS,Noturno,"597,73"
296,20191,MG,Rio Pomba,"INSTITUTO FEDERAL DE EDUCAÇÃO, CIÊNCIA E TECNOLOGIA DO SUDESTE DE MINAS GERAIS",CIÊNCIA E TECNOLOGIA DE LATICÍNIOS,Integral,"583,22"
297,20191,AM,Humaitá,UNIVERSIDADE FEDERAL DO AMAZONAS,CIÊNCIAS - MATEMÁTICA E FÍSICA,Integral,"595,44"
298,20191,AM,Coari,UNIVERSIDADE FEDERAL DO AMAZONAS,CIÊNCIAS - MATEMÁTICA E FÍSICA,Integral,"597,37"
299,20191,AM,Humaitá,UNIVERSIDADE FEDERAL DO AMAZONAS,CIÊNCIAS - QUÍMICA E BIOLOGIA,Integral,"591,23"
